Time (s),I_meas (mA)
0,33.06239296759497
0.01,33.06239296759497
0.02,33.06239296759497
0.03,33.06239296759497
0.04,33.06239296759497
0.05,33.06239296759497
0.06,33.06239296759497
0.07000000000000001,33.06239296759497
0.08,33.06239296759497
0.09,31.38388498425653
0.1,31.38388498425653
0.11,33.06239296759497
0.12,31.38388498425653
0.13,31.38388498425653
0.14,33.06239296759497
0.15,33.06239296759497
0.16,31.38388498425653
0.17,31.38388498425653
0.18,31.38388498425653
0.19,33.06239296759497
0.2,33.06239296759497
0.21,33.06239296759497
0.22,33.06239296759497
0.23,33.06239296759497
0.24,33.06239296759497
0.25,33.06239296759497
0.26,33.06239296759497
0.27,33.06239296759497
0.28,33.06239296759497
0.29,33.06239296759497
0.3,33.06239296759497
0.31,31.38388498425653
0.32,31.38388498425653
0.33,31.38388498425653
0.34,31.38388498425653
0.35,31.38388498425653
0.36,31.38388498425653
0.37,31.38388498425653
0.38,31.38388498425653
0.39,31.38388498425653
0.4,31.38388498425653
0.41,31.38388498425653
0.42,31.38388498425653
0.43,33.06239296759497
0.44,33.06239296759497
0.45,33.06239296759497
0.46,33.06239296759497
0.47,33.06239296759497
0.48,31.38388498425653
0.49,33.06239296759497
0.5,33.06239296759497
0.51,33.06239296759497
0.52,33.06239296759497
0.53,33.06239296759497
0.54,33.06239296759497
0.55,38.09791691761028
0.5600000000000001,41.45493288428715
0.5700000000000001,41.45493288428715
0.58,41.45493288428715
0.59,41.45493288428715
0.6,41.45493288428715
0.61,41.45493288428715
0.62,41.45493288428715
0.63,41.45493288428715
0.64,41.45493288428715
0.65,41.45493288428715
0.66,41.45493288428715
0.67,41.45493288428715
0.68,41.45493288428715
0.6900000000000001,41.45493288428715
0.7000000000000001,41.45493288428715
0.71,41.45493288428715
0.72,41.45493288428715
0.73,41.45493288428715
0.74,41.45493288428715
0.75,41.45493288428715
0.76,41.45493288428715
0.77,41.45493288428715
0.78,41.45493288428715
0.79,41.45493288428715
0.8,41.45493288428715
0.8100000000000001,41.45493288428715
0.8200000000000001,41.45493288428715
0.8300000000000001,41.45493288428715
0.84,41.45493288428715
0.85,41.45493288428715
0.86,41.45493288428715
0.87,41.45493288428715
0.88,41.45493288428715
0.89,41.45493288428715
0.9,41.45493288428715
0.91,41.45493288428715
0.92,41.45493288428715
0.93,41.45493288428715
0.9400000000000001,41.45493288428715
0.9500000000000001,41.45493288428715
0.96,41.45493288428715
0.97,41.45493288428715
0.98,41.45493288428715
0.99,41.45493288428715
1,41.45493288428715
1.01,41.45493288428715
1.02,41.45493288428715
1.03,41.45493288428715
1.04,41.45493288428715
1.05,41.45493288428715
1.06,41.45493288428715
1.07,41.45493288428715
1.08,41.45493288428715
1.09,41.45493288428715
1.1,41.45493288428715
1.11,41.45493288428715
1.12,41.45493288428715
1.13,41.45493288428715
1.14,41.45493288428715
1.15,41.45493288428715
1.16,41.45493288428715
1.17,41.45493288428715
1.18,41.45493288428715
1.19,41.45493288428715
1.2,41.45493288428715
1.21,41.45493288428715
1.22,41.45493288428715
1.23,41.45493288428715
1.24,41.45493288428715
1.25,41.45493288428715
1.26,41.45493288428715
1.27,41.45493288428715
1.28,41.45493288428715
1.29,41.45493288428715
1.3,41.45493288428715
1.31,41.45493288428715
1.32,41.45493288428715
1.33,41.45493288428715
1.34,41.45493288428715
1.35,41.45493288428715
1.36,41.45493288428715
1.37,41.45493288428715
1.38,41.45493288428715
1.39,41.45493288428715
1.4,41.45493288428715
1.41,41.45493288428715
1.42,41.45493288428715
1.43,41.45493288428715
1.44,41.45493288428715
1.45,41.45493288428715
1.46,41.45493288428715
1.47,41.45493288428715
1.48,41.45493288428715
1.49,41.45493288428715
1.5,41.45493288428715
1.51,41.45493288428715
1.52,41.45493288428715
1.53,41.45493288428715
1.54,41.45493288428715
1.55,36.41940893427184
1.56,33.06239296759497
1.57,33.06239296759497
1.58,31.38388498425653
1.59,33.06239296759497
1.6,33.06239296759497
1.61,33.06239296759497
1.62,33.06239296759497
1.63,33.06239296759497
1.64,33.06239296759497
1.65,33.06239296759497
1.66,31.38388498425653
1.67,33.06239296759497
1.68,33.06239296759497
1.69,33.06239296759497
1.7,33.06239296759497
1.71,33.06239296759497
1.72,31.38388498425653
1.73,31.38388498425653
1.74,33.06239296759497
1.75,31.38388498425653
1.76,33.06239296759497
1.77,33.06239296759497
1.78,33.06239296759497
1.79,33.06239296759497
1.8,33.06239296759497
1.81,33.06239296759497
1.82,33.06239296759497
1.83,33.06239296759497
1.84,33.06239296759497
1.85,33.06239296759497
1.86,33.06239296759497
1.87,33.06239296759497
1.88,33.06239296759497
1.89,33.06239296759497
1.9,33.06239296759497
1.91,33.06239296759497
1.92,33.06239296759497
1.93,33.06239296759497
1.94,33.06239296759497
1.95,33.06239296759497
1.96,33.06239296759497
1.97,33.06239296759497
1.98,33.06239296759497
1.99,31.38388498425653
2,31.38388498425653
2.01,31.38388498425653
2.02,31.38388498425653
2.03,31.38388498425653
2.04,31.38388498425653
2.05,31.38388498425653
2.06,31.38388498425653
2.07,31.38388498425653
2.08,31.38388498425653
2.09,31.38388498425653
2.1,31.38388498425653
2.11,31.38388498425653
2.12,31.38388498425653
2.13,31.38388498425653
2.14,31.38388498425653
2.15,31.38388498425653
2.16,33.06239296759497
2.17,31.38388498425653
2.18,31.38388498425653
2.19,31.38388498425653
2.2,31.38388498425653
2.21,31.38388498425653
2.22,33.06239296759497
2.23,31.38388498425653
2.24,31.38388498425653
2.25,31.38388498425653
2.26,33.06239296759497
2.27,31.38388498425653
2.28,31.38388498425653
2.29,31.38388498425653
2.3,31.38388498425653
2.31,31.38388498425653
2.32,31.38388498425653
2.33,33.06239296759497
2.34,31.38388498425653
2.35,31.38388498425653
2.36,33.06239296759497
2.37,33.06239296759497
2.38,31.38388498425653
2.39,33.06239296759497
2.4,33.06239296759497
2.41,33.06239296759497
2.42,33.06239296759497
2.43,33.06239296759497
2.44,33.06239296759497
2.45,33.06239296759497
2.46,33.06239296759497
2.47,33.06239296759497
2.48,33.06239296759497
2.49,33.06239296759497
2.5,33.06239296759497
2.51,33.06239296759497
2.52,31.38388498425653
2.53,33.06239296759497
2.54,33.06239296759497
2.55,38.09791691761028
2.56,41.45493288428715
2.57,41.45493288428715
2.58,41.45493288428715
2.59,41.45493288428715
2.6,41.45493288428715
2.61,41.45493288428715
2.62,41.45493288428715
2.63,41.45493288428715
2.64,41.45493288428715
2.65,41.45493288428715
2.66,41.45493288428715
2.67,41.45493288428715
2.68,41.45493288428715
2.69,41.45493288428715
2.7,41.45493288428715
2.71,41.45493288428715
2.72,41.45493288428715
2.73,41.45493288428715
2.74,41.45493288428715
2.75,41.45493288428715
2.76,41.45493288428715
2.77,41.45493288428715
2.78,41.45493288428715
2.79,41.45493288428715
2.8,41.45493288428715
2.81,41.45493288428715
2.82,41.45493288428715
2.83,41.45493288428715
2.84,41.45493288428715
2.85,41.45493288428715
2.86,41.45493288428715
2.87,41.45493288428715
2.88,41.45493288428715
2.89,41.45493288428715
2.9,41.45493288428715
2.91,41.45493288428715
2.92,41.45493288428715
2.93,41.45493288428715
2.94,41.45493288428715
2.95,41.45493288428715
2.96,41.45493288428715
2.97,41.45493288428715
2.98,41.45493288428715
2.99,41.45493288428715
3,41.45493288428715
3.01,41.45493288428715
3.02,41.45493288428715
3.03,41.45493288428715
3.04,41.45493288428715
3.05,41.45493288428715
3.06,41.45493288428715
3.07,41.45493288428715
3.08,41.45493288428715
3.09,41.45493288428715
3.1,41.45493288428715
3.11,41.45493288428715
3.12,41.45493288428715
3.13,41.45493288428715
3.14,41.45493288428715
3.15,41.45493288428715
3.16,41.45493288428715
3.17,41.45493288428715
3.18,41.45493288428715
3.19,41.45493288428715
3.2,41.45493288428715
3.21,41.45493288428715
3.22,41.45493288428715
3.23,41.45493288428715
3.24,41.45493288428715
3.25,41.45493288428715
3.26,41.45493288428715
3.27,41.45493288428715
3.28,41.45493288428715
3.29,41.45493288428715
3.3,41.45493288428715
3.31,41.45493288428715
3.32,41.45493288428715
3.33,41.45493288428715
3.34,41.45493288428715
3.35,41.45493288428715
3.36,41.45493288428715
3.37,41.45493288428715
3.38,41.45493288428715
3.39,41.45493288428715
3.4,41.45493288428715
3.41,41.45493288428715
3.42,41.45493288428715
3.43,41.45493288428715
3.44,41.45493288428715
3.45,41.45493288428715
3.46,41.45493288428715
3.47,41.45493288428715
3.48,41.45493288428715
3.49,41.45493288428715
3.5,41.45493288428715
3.51,41.45493288428715
3.52,41.45493288428715
3.53,41.45493288428715
3.54,41.45493288428715
3.55,36.41940893427184
3.56,33.06239296759497
3.57,33.06239296759497
3.58,33.06239296759497
3.59,33.06239296759497
3.6,33.06239296759497
3.61,33.06239296759497
3.62,33.06239296759497
3.63,33.06239296759497
3.64,33.06239296759497
3.65,33.06239296759497
3.66,33.06239296759497
3.67,33.06239296759497
3.68,33.06239296759497
3.69,33.06239296759497
3.7,33.06239296759497
3.71,33.06239296759497
3.72,33.06239296759497
3.73,33.06239296759497
3.74,33.06239296759497
3.75,33.06239296759497
3.76,33.06239296759497
3.77,33.06239296759497
3.78,33.06239296759497
3.79,33.06239296759497
3.8,33.06239296759497
3.81,33.06239296759497
3.82,33.06239296759497
3.83,33.06239296759497
3.84,33.06239296759497
3.85,33.06239296759497
3.86,33.06239296759497
3.87,33.06239296759497
3.88,33.06239296759497
3.89,33.06239296759497
3.9,33.06239296759497
3.91,33.06239296759497
3.92,33.06239296759497
3.93,33.06239296759497
3.94,33.06239296759497
3.95,33.06239296759497
3.96,33.06239296759497
3.97,33.06239296759497
3.98,33.06239296759497
3.99,33.06239296759497
4,33.06239296759497
4.01,33.06239296759497
4.02,33.06239296759497
4.03,33.06239296759497
4.04,33.06239296759497
4.05,33.06239296759497
4.06,33.06239296759497
4.07,33.06239296759497
4.08,33.06239296759497
4.09,33.06239296759497
4.1,33.06239296759497
4.11,33.06239296759497
4.12,33.06239296759497
4.13,33.06239296759497
4.14,31.38388498425653
4.15,31.38388498425653
4.16,33.06239296759497
4.17,33.06239296759497
4.18,33.06239296759497
4.19,33.06239296759497
4.2,33.06239296759497
4.21,31.38388498425653
4.22,33.06239296759497
4.23,33.06239296759497
4.24,33.06239296759497
4.25,33.06239296759497
4.26,33.06239296759497
4.27,33.06239296759497
4.28,33.06239296759497
4.29,33.06239296759497
4.3,33.06239296759497
4.31,33.06239296759497
4.32,33.06239296759497
4.33,33.06239296759497
4.34,33.06239296759497
4.350000000000001,33.06239296759497
4.36,33.06239296759497
4.37,33.06239296759497
4.38,33.06239296759497
4.39,33.06239296759497
4.4,33.06239296759497
4.41,33.06239296759497
4.42,33.06239296759497
4.43,33.06239296759497
4.44,33.06239296759497
4.45,33.06239296759497
4.46,33.06239296759497
4.47,33.06239296759497
4.48,33.06239296759497
4.49,33.06239296759497
4.5,33.06239296759497
4.51,33.06239296759497
4.52,33.06239296759497
4.53,33.06239296759497
4.54,33.06239296759497
4.55,36.41940893427184
4.56,41.45493288428715
4.57,41.45493288428715
4.58,41.45493288428715
4.59,41.45493288428715
4.600000000000001,41.45493288428715
4.61,41.45493288428715
4.62,41.45493288428715
4.63,41.45493288428715
4.64,41.45493288428715
4.65,41.45493288428715
4.66,41.45493288428715
4.67,41.45493288428715
4.68,41.45493288428715
4.69,41.45493288428715
4.7,41.45493288428715
4.71,41.45493288428715
4.72,41.45493288428715
4.73,41.45493288428715
4.74,41.45493288428715
4.75,41.45493288428715
4.76,41.45493288428715
4.77,41.45493288428715
4.78,41.45493288428715
4.79,41.45493288428715
4.8,41.45493288428715
4.81,41.45493288428715
4.82,41.45493288428715
4.83,41.45493288428715
4.84,41.45493288428715
4.850000000000001,41.45493288428715
4.86,41.45493288428715
4.87,41.45493288428715
4.88,41.45493288428715
4.89,41.45493288428715
4.9,41.45493288428715
4.91,41.45493288428715
4.92,41.45493288428715
4.93,41.45493288428715
4.94,41.45493288428715
4.95,41.45493288428715
4.96,41.45493288428715
4.97,41.45493288428715
4.98,41.45493288428715
4.99,41.45493288428715
5,41.45493288428715
5.01,41.45493288428715
5.02,41.45493288428715
5.03,41.45493288428715
5.04,41.45493288428715
5.05,41.45493288428715
5.06,41.45493288428715
5.07,41.45493288428715
5.08,41.45493288428715
5.09,41.45493288428715
5.100000000000001,41.45493288428715
5.11,41.45493288428715
5.12,41.45493288428715
5.13,41.45493288428715
5.14,41.45493288428715
5.15,41.45493288428715
5.16,41.45493288428715
5.17,41.45493288428715
5.18,41.45493288428715
5.19,41.45493288428715
5.2,41.45493288428715
5.21,41.45493288428715
5.22,41.45493288428715
5.23,41.45493288428715
5.24,41.45493288428715
5.25,41.45493288428715
5.26,41.45493288428715
5.27,41.45493288428715
5.28,41.45493288428715
5.29,41.45493288428715
5.3,41.45493288428715
5.31,41.45493288428715
5.32,41.45493288428715
5.33,41.45493288428715
5.34,41.45493288428715
5.350000000000001,41.45493288428715
5.36,41.45493288428715
5.37,41.45493288428715
5.38,41.45493288428715
5.39,41.45493288428715
5.4,41.45493288428715
5.41,41.45493288428715
5.42,41.45493288428715
5.43,41.45493288428715
5.44,41.45493288428715
5.45,41.45493288428715
5.46,41.45493288428715
5.47,41.45493288428715
5.48,41.45493288428715
5.49,41.45493288428715
5.5,41.45493288428715
5.51,41.45493288428715
5.52,41.45493288428715
5.53,41.45493288428715
5.54,41.45493288428715
5.55,38.09791691761028
5.56,33.06239296759497
5.57,33.06239296759497
5.58,33.06239296759497
5.59,33.06239296759497
5.600000000000001,31.38388498425653
5.61,31.38388498425653
5.62,33.06239296759497
5.63,33.06239296759497
5.64,33.06239296759497
5.65,33.06239296759497
5.66,31.38388498425653
5.67,33.06239296759497
5.68,33.06239296759497
5.69,31.38388498425653
5.7,31.38388498425653
5.71,31.38388498425653
5.72,31.38388498425653
5.73,31.38388498425653
5.74,31.38388498425653
5.75,33.06239296759497
5.76,33.06239296759497
5.77,33.06239296759497
5.78,33.06239296759497
5.79,33.06239296759497
5.8,31.38388498425653
5.81,31.38388498425653
5.82,33.06239296759497
5.83,31.38388498425653
5.84,31.38388498425653
5.850000000000001,31.38388498425653
5.86,31.38388498425653
5.87,31.38388498425653
5.88,31.38388498425653
5.89,31.38388498425653
5.9,33.06239296759497
5.91,31.38388498425653
5.92,31.38388498425653
5.93,31.38388498425653
5.94,31.38388498425653
5.95,31.38388498425653
5.96,33.06239296759497
5.97,31.38388498425653
5.98,31.38388498425653
5.99,31.38388498425653
6,33.06239296759497
6.01,31.38388498425653
6.02,31.38388498425653
6.03,31.38388498425653
6.04,31.38388498425653
6.05,31.38388498425653
6.06,31.38388498425653
6.07,33.06239296759497
6.08,31.38388498425653
6.09,33.06239296759497
6.100000000000001,31.38388498425653
6.11,33.06239296759497
6.12,33.06239296759497
6.13,33.06239296759497
6.140000000000001,33.06239296759497
6.15,33.06239296759497
6.16,33.06239296759497
6.17,33.06239296759497
6.18,33.06239296759497
6.19,33.06239296759497
6.2,33.06239296759497
6.21,33.06239296759497
6.22,33.06239296759497
6.23,33.06239296759497
6.24,33.06239296759497
6.25,33.06239296759497
6.26,33.06239296759497
6.27,33.06239296759497
6.28,33.06239296759497
6.29,33.06239296759497
6.3,33.06239296759497
6.31,33.06239296759497
6.32,31.38388498425653
6.33,31.38388498425653
6.34,31.38388498425653
6.350000000000001,33.06239296759497
6.36,33.06239296759497
6.37,33.06239296759497
6.38,31.38388498425653
6.390000000000001,31.38388498425653
6.4,31.38388498425653
6.41,33.06239296759497
6.42,33.06239296759497
6.43,33.06239296759497
6.44,33.06239296759497
6.45,33.06239296759497
6.46,33.06239296759497
6.47,33.06239296759497
6.48,33.06239296759497
6.49,33.06239296759497
6.5,33.06239296759497
6.51,33.06239296759497
6.52,33.06239296759497
6.53,33.06239296759497
6.54,33.06239296759497
6.55,36.41940893427184
6.56,41.45493288428715
6.57,41.45493288428715
6.58,41.45493288428715
6.59,41.45493288428715
6.600000000000001,41.45493288428715
6.61,41.45493288428715
6.62,41.45493288428715
6.63,41.45493288428715
6.640000000000001,41.45493288428715
6.65,41.45493288428715
6.66,41.45493288428715
6.67,41.45493288428715
6.68,41.45493288428715
6.69,41.45493288428715
6.7,41.45493288428715
6.71,41.45493288428715
6.72,41.45493288428715
6.73,41.45493288428715
6.74,41.45493288428715
6.75,41.45493288428715
6.76,41.45493288428715
6.77,41.45493288428715
6.78,41.45493288428715
6.79,41.45493288428715
6.8,41.45493288428715
6.81,41.45493288428715
6.82,41.45493288428715
6.83,41.45493288428715
6.84,41.45493288428715
6.850000000000001,41.45493288428715
6.86,41.45493288428715
6.87,41.45493288428715
6.88,41.45493288428715
6.890000000000001,41.45493288428715
6.9,41.45493288428715
6.91,41.45493288428715
6.92,41.45493288428715
6.93,41.45493288428715
6.94,41.45493288428715
6.95,41.45493288428715
6.96,41.45493288428715
6.97,41.45493288428715
6.98,41.45493288428715
6.99,41.45493288428715
7,41.45493288428715
7.01,41.45493288428715
7.02,41.45493288428715
7.03,41.45493288428715
7.04,41.45493288428715
7.05,41.45493288428715
7.06,41.45493288428715
7.07,41.45493288428715
7.08,41.45493288428715
7.09,41.45493288428715
7.100000000000001,41.45493288428715
7.11,41.45493288428715
7.12,41.45493288428715
7.13,41.45493288428715
7.140000000000001,41.45493288428715
7.15,41.45493288428715
7.16,41.45493288428715
7.17,41.45493288428715
7.18,41.45493288428715
7.19,41.45493288428715
7.2,41.45493288428715
7.21,41.45493288428715
7.22,41.45493288428715
7.23,41.45493288428715
7.24,41.45493288428715
7.25,41.45493288428715
7.26,41.45493288428715
7.27,41.45493288428715
7.28,41.45493288428715
7.29,41.45493288428715
7.3,41.45493288428715
7.31,41.45493288428715
7.32,41.45493288428715
7.33,41.45493288428715
7.34,41.45493288428715
7.350000000000001,41.45493288428715
7.36,41.45493288428715
7.37,41.45493288428715
7.38,41.45493288428715
7.390000000000001,41.45493288428715
7.4,41.45493288428715
7.41,41.45493288428715
7.42,41.45493288428715
7.43,41.45493288428715
7.44,41.45493288428715
7.45,41.45493288428715
7.46,41.45493288428715
7.47,41.45493288428715
7.48,41.45493288428715
7.49,41.45493288428715
7.5,41.45493288428715
7.51,41.45493288428715
7.52,41.45493288428715
7.53,41.45493288428715
7.54,41.45493288428715
7.55,39.77642490094871
7.56,33.06239296759497
7.57,33.06239296759497
7.58,33.06239296759497
7.59,33.06239296759497
7.600000000000001,33.06239296759497
7.61,33.06239296759497
7.62,33.06239296759497
7.63,33.06239296759497
7.640000000000001,33.06239296759497
7.65,33.06239296759497
7.66,33.06239296759497
7.67,33.06239296759497
7.68,31.38388498425653
7.69,31.38388498425653
7.7,31.38388498425653
7.71,33.06239296759497
7.72,33.06239296759497
7.73,33.06239296759497
7.74,33.06239296759497
7.75,33.06239296759497
7.76,31.38388498425653
7.77,33.06239296759497
7.78,33.06239296759497
7.79,33.06239296759497
7.8,31.38388498425653
7.81,33.06239296759497
7.82,33.06239296759497
7.83,31.38388498425653
7.84,33.06239296759497
7.850000000000001,31.38388498425653
7.86,33.06239296759497
7.87,33.06239296759497
7.88,33.06239296759497
7.890000000000001,31.38388498425653
7.9,31.38388498425653
7.91,33.06239296759497
7.92,33.06239296759497
7.930000000000001,33.06239296759497
7.94,33.06239296759497
7.95,33.06239296759497
7.96,33.06239296759497
7.97,33.06239296759497
7.98,33.06239296759497
7.99,33.06239296759497
8,33.06239296759497
8.01,33.06239296759497
8.02,33.06239296759497
8.029999999999999,33.06239296759497
8.040000000000001,31.38388498425653
8.050000000000001,31.38388498425653
8.06,31.38388498425653
8.07,33.06239296759497
8.08,33.06239296759497
8.09,33.06239296759497
8.1,33.06239296759497
8.109999999999999,33.06239296759497
8.120000000000001,33.06239296759497
8.130000000000001,33.06239296759497
8.140000000000001,33.06239296759497
8.15,33.06239296759497
8.16,33.06239296759497
8.17,33.06239296759497
8.18,33.06239296759497
8.19,33.06239296759497
8.199999999999999,33.06239296759497
8.210000000000001,33.06239296759497
8.220000000000001,33.06239296759497
8.23,33.06239296759497
8.24,33.06239296759497
8.25,33.06239296759497
8.26,33.06239296759497
8.27,33.06239296759497
8.279999999999999,33.06239296759497
8.290000000000001,33.06239296759497
8.300000000000001,33.06239296759497
8.31,33.06239296759497
8.32,33.06239296759497
8.33,33.06239296759497
8.34,33.06239296759497
8.35,33.06239296759497
8.359999999999999,33.06239296759497
8.370000000000001,33.06239296759497
8.380000000000001,33.06239296759497
8.390000000000001,33.06239296759497
8.4,33.06239296759497
8.41,33.06239296759497
8.42,33.06239296759497
8.43,33.06239296759497
8.44,33.06239296759497
8.449999999999999,33.06239296759497
8.460000000000001,33.06239296759497
8.470000000000001,33.06239296759497
8.48,33.06239296759497
8.49,33.06239296759497
8.5,33.06239296759497
8.51,33.06239296759497
8.52,33.06239296759497
8.529999999999999,33.06239296759497
8.540000000000001,33.06239296759497
8.550000000000001,34.7409009509334
8.56,41.45493288428715
8.57,41.45493288428715
8.58,41.45493288428715
8.59,41.45493288428715
8.6,41.45493288428715
8.609999999999999,41.45493288428715
8.620000000000001,41.45493288428715
8.630000000000001,41.45493288428715
8.640000000000001,41.45493288428715
8.65,41.45493288428715
8.66,41.45493288428715
8.67,41.45493288428715
8.68,41.45493288428715
8.69,41.45493288428715
8.700000000000001,41.45493288428715
8.710000000000001,41.45493288428715
8.720000000000001,41.45493288428715
8.73,41.45493288428715
8.74,41.45493288428715
8.75,41.45493288428715
8.76,41.45493288428715
8.77,41.45493288428715
8.779999999999999,41.45493288428715
8.790000000000001,41.45493288428715
8.800000000000001,41.45493288428715
8.81,41.45493288428715
8.82,41.45493288428715
8.83,41.45493288428715
8.84,41.45493288428715
8.85,41.45493288428715
8.859999999999999,41.45493288428715
8.870000000000001,41.45493288428715
8.880000000000001,41.45493288428715
8.890000000000001,41.45493288428715
8.9,41.45493288428715
8.91,41.45493288428715
8.92,41.45493288428715
8.93,41.45493288428715
8.94,41.45493288428715
8.950000000000001,41.45493288428715
8.960000000000001,41.45493288428715
8.970000000000001,41.45493288428715
8.98,41.45493288428715
8.99,41.45493288428715
9,41.45493288428715
9.01,41.45493288428715
9.02,41.45493288428715
9.029999999999999,41.45493288428715
9.040000000000001,41.45493288428715
9.050000000000001,41.45493288428715
9.06,41.45493288428715
9.07,41.45493288428715
9.08,41.45493288428715
9.09,41.45493288428715
9.1,41.45493288428715
9.109999999999999,41.45493288428715
9.120000000000001,41.45493288428715
9.130000000000001,41.45493288428715
9.140000000000001,41.45493288428715
9.15,41.45493288428715
9.16,41.45493288428715
9.17,41.45493288428715
9.18,41.45493288428715
9.19,41.45493288428715
9.200000000000001,41.45493288428715
9.210000000000001,41.45493288428715
9.220000000000001,41.45493288428715
9.23,41.45493288428715
9.24,41.45493288428715
9.25,41.45493288428715
9.26,41.45493288428715
9.27,41.45493288428715
9.279999999999999,41.45493288428715
9.290000000000001,41.45493288428715
9.300000000000001,41.45493288428715
9.31,41.45493288428715
9.32,41.45493288428715
9.33,41.45493288428715
9.34,41.45493288428715
9.35,41.45493288428715
9.359999999999999,41.45493288428715
9.370000000000001,41.45493288428715
9.380000000000001,41.45493288428715
9.390000000000001,41.45493288428715
9.4,41.45493288428715
9.41,41.45493288428715
9.42,41.45493288428715
9.43,41.45493288428715
9.44,41.45493288428715
9.450000000000001,41.45493288428715
9.460000000000001,41.45493288428715
9.470000000000001,41.45493288428715
9.48,41.45493288428715
9.49,41.45493288428715
9.5,41.45493288428715
9.51,41.45493288428715
9.52,41.45493288428715
9.529999999999999,41.45493288428715
9.540000000000001,41.45493288428715
9.550000000000001,39.77642490094871
9.56,33.06239296759497
9.57,33.06239296759497
9.58,33.06239296759497
9.59,33.06239296759497
9.6,33.06239296759497
9.609999999999999,33.06239296759497
9.620000000000001,33.06239296759497
9.630000000000001,33.06239296759497
9.640000000000001,33.06239296759497
9.65,33.06239296759497
9.66,33.06239296759497
9.67,33.06239296759497
9.68,33.06239296759497
9.69,33.06239296759497
9.700000000000001,33.06239296759497
9.710000000000001,33.06239296759497
9.720000000000001,33.06239296759497
9.73,31.38388498425653
9.74,31.38388498425653
9.75,33.06239296759497
9.76,33.06239296759497
9.77,33.06239296759497
9.779999999999999,33.06239296759497
9.790000000000001,33.06239296759497
9.800000000000001,33.06239296759497
9.81,33.06239296759497
9.82,33.06239296759497
9.83,33.06239296759497
9.84,33.06239296759497
9.85,33.06239296759497
9.859999999999999,33.06239296759497
9.870000000000001,33.06239296759497
9.880000000000001,33.06239296759497
9.890000000000001,33.06239296759497
9.9,33.06239296759497
9.91,33.06239296759497
9.92,33.06239296759497
9.93,33.06239296759497
9.94,33.06239296759497
9.950000000000001,33.06239296759497
9.960000000000001,33.06239296759497
9.970000000000001,33.06239296759497
9.98,33.06239296759497
9.99,33.06239296759497
10,33.06239296759497
10.01,33.06239296759497
10.02,33.06239296759497
10.03,33.06239296759497
10.04,33.06239296759497
10.05,31.38388498425653
10.06,33.06239296759497
10.07,33.06239296759497
10.08,33.06239296759497
10.09,33.06239296759497
10.1,33.06239296759497
10.11,33.06239296759497
10.12,33.06239296759497
10.13,33.06239296759497
10.14,33.06239296759497
10.15,33.06239296759497
10.16,33.06239296759497
10.17,33.06239296759497
10.18,33.06239296759497
10.19,33.06239296759497
10.2,33.06239296759497
10.21,33.06239296759497
10.22,33.06239296759497
10.23,33.06239296759497
10.24,33.06239296759497
10.25,33.06239296759497
10.26,33.06239296759497
10.27,33.06239296759497
10.28,33.06239296759497
10.29,33.06239296759497
10.3,33.06239296759497
10.31,33.06239296759497
10.32,33.06239296759497
10.33,33.06239296759497
10.34,33.06239296759497
10.35,33.06239296759497
10.36,33.06239296759497
10.37,33.06239296759497
10.38,33.06239296759497
10.39,33.06239296759497
10.4,33.06239296759497
10.41,33.06239296759497
10.42,33.06239296759497
10.43,33.06239296759497
10.44,33.06239296759497
10.45,33.06239296759497
10.46,33.06239296759497
10.47,33.06239296759497
10.48,33.06239296759497
10.49,33.06239296759497
10.5,33.06239296759497
10.51,33.06239296759497
10.52,33.06239296759497
10.53,33.06239296759497
10.54,33.06239296759497
10.55,34.7409009509334
10.56,41.45493288428715
10.57,41.45493288428715
10.58,41.45493288428715
10.59,41.45493288428715
10.6,41.45493288428715
10.61,41.45493288428715
10.62,41.45493288428715
10.63,41.45493288428715
10.64,41.45493288428715
10.65,41.45493288428715
10.66,41.45493288428715
10.67,41.45493288428715
10.68,41.45493288428715
10.69,41.45493288428715
10.7,41.45493288428715
10.71,41.45493288428715
10.72,41.45493288428715
10.73,41.45493288428715
10.74,41.45493288428715
10.75,41.45493288428715
10.76,41.45493288428715
10.77,41.45493288428715
10.78,41.45493288428715
10.79,41.45493288428715
10.8,41.45493288428715
10.81,41.45493288428715
10.82,41.45493288428715
10.83,41.45493288428715
10.84,41.45493288428715
10.85,41.45493288428715
10.86,41.45493288428715
10.87,41.45493288428715
10.88,41.45493288428715
10.89,41.45493288428715
10.9,41.45493288428715
10.91,41.45493288428715
10.92,41.45493288428715
10.93,41.45493288428715
10.94,41.45493288428715
10.95,41.45493288428715
10.96,41.45493288428715
10.97,41.45493288428715
10.98,41.45493288428715
10.99,41.45493288428715
11,41.45493288428715
11.01,41.45493288428715
11.02,41.45493288428715
11.03,41.45493288428715
11.04,41.45493288428715
11.05,41.45493288428715
11.06,41.45493288428715
11.07,41.45493288428715
11.08,41.45493288428715
11.09,41.45493288428715
11.1,41.45493288428715
11.11,41.45493288428715
11.12,41.45493288428715
11.13,41.45493288428715
11.14,41.45493288428715
11.15,41.45493288428715
11.16,41.45493288428715
11.17,41.45493288428715
11.18,41.45493288428715
11.19,41.45493288428715
11.2,41.45493288428715
11.21,41.45493288428715
11.22,41.45493288428715
11.23,41.45493288428715
11.24,41.45493288428715
11.25,41.45493288428715
11.26,41.45493288428715
11.27,41.45493288428715
11.28,41.45493288428715
11.29,41.45493288428715
11.3,41.45493288428715
11.31,41.45493288428715
11.32,41.45493288428715
11.33,41.45493288428715
11.34,41.45493288428715
11.35,41.45493288428715
11.36,41.45493288428715
11.37,43.13344086762559
11.38,41.45493288428715
11.39,41.45493288428715
11.4,41.45493288428715
11.41,41.45493288428715
11.42,41.45493288428715
11.43,41.45493288428715
11.44,41.45493288428715
11.45,41.45493288428715
11.46,41.45493288428715
11.47,41.45493288428715
11.48,41.45493288428715
11.49,43.13344086762559
11.5,41.45493288428715
11.51,43.13344086762559
11.52,43.13344086762559
11.53,43.13344086762559
11.54,43.13344086762559
11.55,41.45493288428715
11.56,33.06239296759497
11.57,33.06239296759497
11.58,33.06239296759497
11.59,33.06239296759497
11.6,33.06239296759497
11.61,33.06239296759497
11.62,33.06239296759497
11.63,33.06239296759497
11.64,33.06239296759497
11.65,33.06239296759497
11.66,33.06239296759497
11.67,33.06239296759497
11.68,33.06239296759497
11.69,33.06239296759497
11.7,33.06239296759497
11.71,33.06239296759497
11.72,33.06239296759497
11.73,33.06239296759497
11.74,33.06239296759497
11.75,33.06239296759497
11.76,33.06239296759497
11.77,33.06239296759497
11.78,33.06239296759497
11.79,33.06239296759497
11.8,33.06239296759497
11.81,33.06239296759497
11.82,33.06239296759497
11.83,33.06239296759497
11.84,33.06239296759497
11.85,33.06239296759497
11.86,33.06239296759497
11.87,33.06239296759497
11.88,33.06239296759497
11.89,33.06239296759497
11.9,33.06239296759497
11.91,33.06239296759497
11.92,33.06239296759497
11.93,33.06239296759497
11.94,33.06239296759497
11.95,33.06239296759497
11.96,33.06239296759497
11.97,33.06239296759497
11.98,33.06239296759497
11.99,33.06239296759497
12,33.06239296759497
12.01,33.06239296759497
12.02,33.06239296759497
12.03,33.06239296759497
12.04,33.06239296759497
12.05,33.06239296759497
12.06,33.06239296759497
12.07,33.06239296759497
12.08,33.06239296759497
12.09,33.06239296759497
12.1,33.06239296759497
12.11,33.06239296759497
12.12,33.06239296759497
12.13,33.06239296759497
12.14,33.06239296759497
12.15,33.06239296759497
12.16,33.06239296759497
12.17,33.06239296759497
12.18,33.06239296759497
12.19,33.06239296759497
12.2,33.06239296759497
12.21,33.06239296759497
12.22,33.06239296759497
12.23,33.06239296759497
12.24,33.06239296759497
12.25,33.06239296759497
12.26,33.06239296759497
12.27,33.06239296759497
12.28,33.06239296759497
12.29,33.06239296759497
12.3,33.06239296759497
12.31,33.06239296759497
12.32,33.06239296759497
12.33,33.06239296759497
12.34,33.06239296759497
12.35,33.06239296759497
12.36,33.06239296759497
12.37,33.06239296759497
12.38,33.06239296759497
12.39,33.06239296759497
12.4,33.06239296759497
12.41,33.06239296759497
12.42,33.06239296759497
12.43,33.06239296759497
12.44,33.06239296759497
12.45,33.06239296759497
12.46,33.06239296759497
12.47,33.06239296759497
12.48,33.06239296759497
12.49,33.06239296759497
12.5,33.06239296759497
12.51,33.06239296759497
12.52,33.06239296759497
12.53,33.06239296759497
12.54,33.06239296759497
12.55,33.06239296759497
12.56,41.45493288428715
12.57,41.45493288428715
12.58,41.45493288428715
12.59,41.45493288428715
12.6,41.45493288428715
12.61,41.45493288428715
12.62,41.45493288428715
12.63,41.45493288428715
12.64,43.13344086762559
12.65,43.13344086762559
12.66,41.45493288428715
12.67,41.45493288428715
12.68,43.13344086762559
12.69,43.13344086762559
12.7,41.45493288428715
12.71,43.13344086762559
12.72,43.13344086762559
12.73,43.13344086762559
12.74,43.13344086762559
12.75,41.45493288428715
12.76,41.45493288428715
12.77,41.45493288428715
12.78,41.45493288428715
12.79,41.45493288428715
12.8,41.45493288428715
12.81,41.45493288428715
12.82,41.45493288428715
12.83,41.45493288428715
12.84,41.45493288428715
12.85,41.45493288428715
12.86,41.45493288428715
12.87,41.45493288428715
12.88,43.13344086762559
12.89,43.13344086762559
12.9,43.13344086762559
12.91,41.45493288428715
12.92,41.45493288428715
12.93,43.13344086762559
12.94,43.13344086762559
12.95,43.13344086762559
12.96,41.45493288428715
12.97,41.45493288428715
12.98,41.45493288428715
12.99,41.45493288428715
13,41.45493288428715
13.01,41.45493288428715
13.02,41.45493288428715
13.03,41.45493288428715
13.04,41.45493288428715
13.05,41.45493288428715
13.06,41.45493288428715
13.07,41.45493288428715
13.08,41.45493288428715
13.09,41.45493288428715
13.1,41.45493288428715
13.11,41.45493288428715
13.12,41.45493288428715
13.13,41.45493288428715
13.14,41.45493288428715
13.15,41.45493288428715
13.16,41.45493288428715
13.17,41.45493288428715
13.18,41.45493288428715
13.19,41.45493288428715
13.2,41.45493288428715
13.21,41.45493288428715
13.22,41.45493288428715
13.23,41.45493288428715
13.24,41.45493288428715
13.25,41.45493288428715
13.26,41.45493288428715
13.27,41.45493288428715
13.28,41.45493288428715
13.29,41.45493288428715
13.3,41.45493288428715
13.31,41.45493288428715
13.32,41.45493288428715
13.33,41.45493288428715
13.34,41.45493288428715
13.35,41.45493288428715
13.36,41.45493288428715
13.37,41.45493288428715
13.38,41.45493288428715
13.39,41.45493288428715
13.4,41.45493288428715
13.41,41.45493288428715
13.42,41.45493288428715
13.43,41.45493288428715
13.44,41.45493288428715
13.45,41.45493288428715
13.46,41.45493288428715
13.47,41.45493288428715
13.48,41.45493288428715
13.49,43.13344086762559
13.5,43.13344086762559
13.51,43.13344086762559
13.52,41.45493288428715
13.53,41.45493288428715
13.54,43.13344086762559
13.55,41.45493288428715
13.56,33.06239296759497
13.57,33.06239296759497
13.58,33.06239296759497
13.59,33.06239296759497
13.6,33.06239296759497
13.61,33.06239296759497
13.62,33.06239296759497
13.63,33.06239296759497
13.64,33.06239296759497
13.65,33.06239296759497
13.66,33.06239296759497
13.67,33.06239296759497
13.68,33.06239296759497
13.69,33.06239296759497
13.7,33.06239296759497
13.71,33.06239296759497
13.72,33.06239296759497
13.73,33.06239296759497
13.74,33.06239296759497
13.75,33.06239296759497
13.76,33.06239296759497
13.77,33.06239296759497
13.78,33.06239296759497
13.79,33.06239296759497
13.8,33.06239296759497
13.81,33.06239296759497
13.82,33.06239296759497
13.83,33.06239296759497
13.84,33.06239296759497
13.85,33.06239296759497
13.86,33.06239296759497
13.87,33.06239296759497
13.88,33.06239296759497
13.89,33.06239296759497
13.9,33.06239296759497
13.91,33.06239296759497
13.92,33.06239296759497
13.93,33.06239296759497
13.94,33.06239296759497
13.95,33.06239296759497
13.96,33.06239296759497
13.97,33.06239296759497
13.98,33.06239296759497
13.99,33.06239296759497
14,33.06239296759497
14.01,33.06239296759497
14.02,33.06239296759497
14.03,33.06239296759497
14.04,33.06239296759497
14.05,33.06239296759497
14.06,33.06239296759497
14.07,33.06239296759497
14.08,33.06239296759497
14.09,33.06239296759497
14.1,33.06239296759497
14.11,33.06239296759497
14.12,33.06239296759497
14.13,33.06239296759497
14.14,33.06239296759497
14.15,33.06239296759497
14.16,33.06239296759497
14.17,33.06239296759497
14.18,33.06239296759497
14.19,33.06239296759497
14.2,33.06239296759497
14.21,33.06239296759497
14.22,33.06239296759497
14.23,33.06239296759497
14.24,33.06239296759497
14.25,33.06239296759497
14.26,33.06239296759497
14.27,33.06239296759497
14.28,33.06239296759497
14.29,33.06239296759497
14.3,33.06239296759497
14.31,33.06239296759497
14.32,33.06239296759497
14.33,33.06239296759497
14.34,33.06239296759497
14.35,33.06239296759497
14.36,33.06239296759497
14.37,33.06239296759497
14.38,33.06239296759497
14.39,33.06239296759497
14.4,33.06239296759497
14.41,33.06239296759497
14.42,33.06239296759497
14.43,33.06239296759497
14.44,33.06239296759497
14.45,33.06239296759497
14.46,33.06239296759497
14.47,33.06239296759497
14.48,33.06239296759497
14.49,33.06239296759497
14.5,33.06239296759497
14.51,33.06239296759497
14.52,33.06239296759497
14.53,33.06239296759497
14.54,33.06239296759497
14.55,33.06239296759497
14.56,41.45493288428715
14.57,43.13344086762559
14.58,43.13344086762559
14.59,43.13344086762559
14.6,43.13344086762559
14.61,41.45493288428715
14.62,43.13344086762559
14.63,43.13344086762559
14.64,43.13344086762559
14.65,43.13344086762559
14.66,43.13344086762559
14.67,43.13344086762559
14.68,43.13344086762559
14.69,43.13344086762559
14.7,41.45493288428715
14.71,41.45493288428715
14.72,41.45493288428715
14.73,41.45493288428715
14.74,41.45493288428715
14.75,41.45493288428715
14.76,41.45493288428715
14.77,41.45493288428715
14.78,41.45493288428715
14.79,41.45493288428715
14.8,41.45493288428715
14.81,41.45493288428715
14.82,41.45493288428715
14.83,41.45493288428715
14.84,41.45493288428715
14.85,41.45493288428715
14.86,43.13344086762559
14.87,43.13344086762559
14.88,43.13344086762559
14.89,43.13344086762559
14.9,43.13344086762559
14.91,43.13344086762559
14.92,43.13344086762559
14.93,41.45493288428715
14.94,41.45493288428715
14.95,41.45493288428715
14.96,41.45493288428715
14.97,43.13344086762559
14.98,41.45493288428715
14.99,43.13344086762559
15,41.45493288428715
15.01,41.45493288428715
15.02,43.13344086762559
15.03,43.13344086762559
15.04,41.45493288428715
15.05,41.45493288428715
15.06,43.13344086762559
15.07,43.13344086762559
15.08,43.13344086762559
15.09,41.45493288428715
15.1,43.13344086762559
15.11,41.45493288428715
15.12,43.13344086762559
15.13,41.45493288428715
15.14,41.45493288428715
15.15,41.45493288428715
15.16,41.45493288428715
15.17,41.45493288428715
15.18,41.45493288428715
15.19,41.45493288428715
15.2,41.45493288428715
15.21,41.45493288428715
15.22,41.45493288428715
15.23,41.45493288428715
15.24,41.45493288428715
15.25,41.45493288428715
15.26,41.45493288428715
15.27,41.45493288428715
15.28,41.45493288428715
15.29,41.45493288428715
15.3,41.45493288428715
15.31,41.45493288428715
15.32,41.45493288428715
15.33,41.45493288428715
15.34,41.45493288428715
15.35,41.45493288428715
15.36,41.45493288428715
15.37,41.45493288428715
15.38,41.45493288428715
15.39,41.45493288428715
15.4,41.45493288428715
15.41,41.45493288428715
15.42,41.45493288428715
15.43,41.45493288428715
15.44,41.45493288428715
15.45,41.45493288428715
15.46,41.45493288428715
15.47,41.45493288428715
15.48,41.45493288428715
15.49,41.45493288428715
15.5,41.45493288428715
15.51,41.45493288428715
15.52,41.45493288428715
15.53,41.45493288428715
15.54,41.45493288428715
15.55,41.45493288428715
15.56,34.7409009509334
15.57,33.06239296759497
15.58,33.06239296759497
15.59,33.06239296759497
15.6,33.06239296759497
15.61,33.06239296759497
15.62,33.06239296759497
15.63,33.06239296759497
15.64,33.06239296759497
15.65,33.06239296759497
15.66,33.06239296759497
15.67,33.06239296759497
15.68,33.06239296759497
15.69,31.38388498425653
15.7,33.06239296759497
15.71,33.06239296759497
15.72,33.06239296759497
15.73,33.06239296759497
15.74,33.06239296759497
15.75,33.06239296759497
15.76,33.06239296759497
15.77,33.06239296759497
15.78,33.06239296759497
15.79,33.06239296759497
15.8,33.06239296759497
15.81,33.06239296759497
15.82,33.06239296759497
15.83,33.06239296759497
15.84,33.06239296759497
15.85,33.06239296759497
15.86,33.06239296759497
15.87,33.06239296759497
15.88,33.06239296759497
15.89,33.06239296759497
15.9,33.06239296759497
15.91,33.06239296759497
15.92,33.06239296759497
15.93,33.06239296759497
15.94,33.06239296759497
15.95,33.06239296759497
15.96,33.06239296759497
15.97,33.06239296759497
15.98,33.06239296759497
15.99,33.06239296759497
16,33.06239296759497
16.01,33.06239296759497
16.02,33.06239296759497
16.03,33.06239296759497
16.04,33.06239296759497
16.05,33.06239296759497
16.06,33.06239296759497
16.07,33.06239296759497
16.08,33.06239296759497
16.09,33.06239296759497
16.1,33.06239296759497
16.11,33.06239296759497
16.12,33.06239296759497
16.13,31.38388498425653
16.14,31.38388498425653
16.15,33.06239296759497
16.16,33.06239296759497
16.17,33.06239296759497
16.18,33.06239296759497
16.19,33.06239296759497
16.2,33.06239296759497
16.21,33.06239296759497
16.22,33.06239296759497
16.23,33.06239296759497
16.24,33.06239296759497
16.25,33.06239296759497
16.26,33.06239296759497
16.27,33.06239296759497
16.28,33.06239296759497
16.29,33.06239296759497
16.3,33.06239296759497
16.31,33.06239296759497
16.32,33.06239296759497
16.33,33.06239296759497
16.34,33.06239296759497
16.35,33.06239296759497
16.36,33.06239296759497
16.37,33.06239296759497
16.38,33.06239296759497
16.39,33.06239296759497
16.4,33.06239296759497
16.41,33.06239296759497
16.42,33.06239296759497
16.43,33.06239296759497
16.44,33.06239296759497
16.45,33.06239296759497
16.46,33.06239296759497
16.47,33.06239296759497
16.48,33.06239296759497
16.49,33.06239296759497
16.5,33.06239296759497
16.51,33.06239296759497
16.52,33.06239296759497
16.53,33.06239296759497
16.54,33.06239296759497
16.55,33.06239296759497
16.56,39.77642490094871
16.57,43.13344086762559
16.58,41.45493288428715
16.59,41.45493288428715
16.6,41.45493288428715
16.61,41.45493288428715
16.62,41.45493288428715
16.63,41.45493288428715
16.64,41.45493288428715
16.65,41.45493288428715
16.66,41.45493288428715
16.67,41.45493288428715
16.68,41.45493288428715
16.69,41.45493288428715
16.7,41.45493288428715
16.71,41.45493288428715
16.72,41.45493288428715
16.73,41.45493288428715
16.74,41.45493288428715
16.75,41.45493288428715
16.76,41.45493288428715
16.77,41.45493288428715
16.78,41.45493288428715
16.79,41.45493288428715
16.8,41.45493288428715
16.81,41.45493288428715
16.82,41.45493288428715
16.83,41.45493288428715
16.84,41.45493288428715
16.85,41.45493288428715
16.86,41.45493288428715
16.87,41.45493288428715
16.88,41.45493288428715
16.89,41.45493288428715
16.9,41.45493288428715
16.91,43.13344086762559
16.92,43.13344086762559
16.93,41.45493288428715
16.94,41.45493288428715
16.95,41.45493288428715
16.96,41.45493288428715
16.97,41.45493288428715
16.98,41.45493288428715
16.99,41.45493288428715
17,41.45493288428715
17.01,43.13344086762559
17.02,41.45493288428715
17.03,43.13344086762559
17.04,43.13344086762559
17.05,43.13344086762559
17.06,43.13344086762559
17.07,41.45493288428715
17.08,43.13344086762559
17.09,43.13344086762559
17.1,43.13344086762559
17.11,43.13344086762559
17.12,43.13344086762559
17.13,43.13344086762559
17.14,41.45493288428715
17.15,41.45493288428715
17.16,43.13344086762559
17.17,41.45493288428715
17.18,41.45493288428715
17.19,43.13344086762559
17.2,43.13344086762559
17.21,41.45493288428715
17.22,41.45493288428715
17.23,41.45493288428715
17.24,43.13344086762559
17.25,43.13344086762559
17.26,43.13344086762559
17.27,43.13344086762559
17.28,43.13344086762559
17.29,43.13344086762559
17.3,41.45493288428715
17.31,41.45493288428715
17.32,41.45493288428715
17.33,43.13344086762559
17.34,43.13344086762559
17.35,43.13344086762559
17.36,43.13344086762559
17.37,43.13344086762559
17.38,43.13344086762559
17.39,43.13344086762559
17.4,41.45493288428715
17.41,43.13344086762559
17.42,43.13344086762559
17.43,41.45493288428715
17.44,43.13344086762559
17.45,41.45493288428715
17.46,41.45493288428715
17.47,43.13344086762559
17.48,43.13344086762559
17.49,43.13344086762559
17.5,41.45493288428715
17.51,41.45493288428715
17.52,41.45493288428715
17.53,41.45493288428715
17.54,41.45493288428715
17.55,41.45493288428715
17.56,34.7409009509334
17.57,33.06239296759497
17.58,33.06239296759497
17.59,33.06239296759497
17.6,33.06239296759497
17.61,33.06239296759497
17.62,33.06239296759497
17.63,33.06239296759497
17.64,33.06239296759497
17.65,33.06239296759497
17.66,33.06239296759497
17.67,33.06239296759497
17.68,33.06239296759497
17.69,33.06239296759497
17.7,33.06239296759497
17.71,33.06239296759497
17.72,33.06239296759497
17.73,33.06239296759497
17.74,33.06239296759497
17.75,33.06239296759497
17.76,33.06239296759497
17.77,33.06239296759497
17.78,33.06239296759497
17.79,33.06239296759497
17.8,33.06239296759497
17.81,33.06239296759497
17.82,33.06239296759497
17.83,33.06239296759497
17.84,33.06239296759497
17.85,33.06239296759497
17.86,33.06239296759497
17.87,33.06239296759497
17.88,33.06239296759497
17.89,33.06239296759497
17.9,33.06239296759497
17.91,33.06239296759497
17.92,33.06239296759497
17.93,33.06239296759497
17.94,33.06239296759497
17.95,33.06239296759497
17.96,33.06239296759497
17.97,33.06239296759497
17.98,33.06239296759497
17.99,33.06239296759497
18,33.06239296759497
18.01,33.06239296759497
18.02,33.06239296759497
18.03,33.06239296759497
18.04,33.06239296759497
18.05,33.06239296759497
18.06,33.06239296759497
18.07,33.06239296759497
18.08,33.06239296759497
18.09,33.06239296759497
18.1,33.06239296759497
18.11,33.06239296759497
18.12,33.06239296759497
18.13,33.06239296759497
18.14,33.06239296759497
18.15,33.06239296759497
18.16,33.06239296759497
18.17,33.06239296759497
18.18,33.06239296759497
18.19,33.06239296759497
18.2,33.06239296759497
18.21,33.06239296759497
18.22,33.06239296759497
18.23,33.06239296759497
18.24,33.06239296759497
18.25,33.06239296759497
18.26,33.06239296759497
18.27,33.06239296759497
18.28,33.06239296759497
18.29,33.06239296759497
18.3,33.06239296759497
18.31,33.06239296759497
18.32,33.06239296759497
18.33,33.06239296759497
18.34,33.06239296759497
18.35,33.06239296759497
18.36,33.06239296759497
18.37,33.06239296759497
18.38,33.06239296759497
18.39,33.06239296759497
18.4,33.06239296759497
18.41,33.06239296759497
18.42,33.06239296759497
18.43,33.06239296759497
18.44,33.06239296759497
18.45,33.06239296759497
18.46,33.06239296759497
18.47,33.06239296759497
18.48,33.06239296759497
18.49,33.06239296759497
18.5,33.06239296759497
18.51,33.06239296759497
18.52,33.06239296759497
18.53,33.06239296759497
18.54,33.06239296759497
18.55,33.06239296759497
18.56,39.77642490094871
18.57,41.45493288428715
18.58,41.45493288428715
18.59,41.45493288428715
18.6,41.45493288428715
18.61,41.45493288428715
18.62,41.45493288428715
18.63,41.45493288428715
18.64,41.45493288428715
18.65,41.45493288428715
18.66,41.45493288428715
18.67,41.45493288428715
18.68,41.45493288428715
18.69,41.45493288428715
18.7,41.45493288428715
18.71,41.45493288428715
18.72,41.45493288428715
18.73,41.45493288428715
18.74,41.45493288428715
18.75,41.45493288428715
18.76,41.45493288428715
18.77,43.13344086762559
18.78,41.45493288428715
18.79,41.45493288428715
18.8,43.13344086762559
18.81,41.45493288428715
18.82,41.45493288428715
18.83,41.45493288428715
18.84,41.45493288428715
18.85,41.45493288428715
18.86,43.13344086762559
18.87,41.45493288428715
18.88,41.45493288428715
18.89,41.45493288428715
18.9,43.13344086762559
18.91,41.45493288428715
18.92,43.13344086762559
18.93,41.45493288428715
18.94,41.45493288428715
18.95,41.45493288428715
18.96,43.13344086762559
18.97,43.13344086762559
18.98,43.13344086762559
18.99,43.13344086762559
19,43.13344086762559
19.01,41.45493288428715
19.02,41.45493288428715
19.03,41.45493288428715
19.04,41.45493288428715
19.05,41.45493288428715
19.06,43.13344086762559
19.07,43.13344086762559
19.08,41.45493288428715
19.09,43.13344086762559
19.1,43.13344086762559
19.11,43.13344086762559
19.12,41.45493288428715
19.13,43.13344086762559
19.14,41.45493288428715
19.15,41.45493288428715
19.16,41.45493288428715
19.17,41.45493288428715
19.18,41.45493288428715
19.19,41.45493288428715
19.2,41.45493288428715
19.21,41.45493288428715
19.22,43.13344086762559
19.23,43.13344086762559
19.24,43.13344086762559
19.25,41.45493288428715
19.26,43.13344086762559
19.27,43.13344086762559
19.28,43.13344086762559
19.29,43.13344086762559
19.3,43.13344086762559
19.31,43.13344086762559
19.32,43.13344086762559
19.33,43.13344086762559
19.34,43.13344086762559
19.35,43.13344086762559
19.36,43.13344086762559
19.37,43.13344086762559
19.38,43.13344086762559
19.39,43.13344086762559
19.4,43.13344086762559
19.41,43.13344086762559
19.42,43.13344086762559
19.43,43.13344086762559
19.44,43.13344086762559
19.45,43.13344086762559
19.46,43.13344086762559
19.47,43.13344086762559
19.48,41.45493288428715
19.49,41.45493288428715
19.5,43.13344086762559
19.51,41.45493288428715
19.52,41.45493288428715
19.53,41.45493288428715
19.54,43.13344086762559
19.55,41.45493288428715
19.56,36.41940893427184
19.57,33.06239296759497
19.58,33.06239296759497
19.59,33.06239296759497
19.6,33.06239296759497
19.61,33.06239296759497
19.62,33.06239296759497
19.63,33.06239296759497
19.64,33.06239296759497
19.65,33.06239296759497
19.66,33.06239296759497
19.67,33.06239296759497
19.68,33.06239296759497
19.69,33.06239296759497
19.7,33.06239296759497
19.71,33.06239296759497
19.72,33.06239296759497
19.73,33.06239296759497
19.74,33.06239296759497
19.75,33.06239296759497
19.76,33.06239296759497
19.77,33.06239296759497
19.78,33.06239296759497
19.79,33.06239296759497
19.8,33.06239296759497
19.81,33.06239296759497
19.82,33.06239296759497
19.83,33.06239296759497
19.84,33.06239296759497
19.85,33.06239296759497
19.86,33.06239296759497
19.87,33.06239296759497
19.88,33.06239296759497
19.89,33.06239296759497
19.9,33.06239296759497
19.91,33.06239296759497
19.92,33.06239296759497
19.93,33.06239296759497
19.94,33.06239296759497
19.95,33.06239296759497
19.96,33.06239296759497
19.97,33.06239296759497
19.98,33.06239296759497
19.99,33.06239296759497
20,33.06239296759497
20.01,33.06239296759497
20.02,33.06239296759497
20.03,33.06239296759497
20.04,33.06239296759497
20.05,33.06239296759497
20.06,33.06239296759497
20.07,33.06239296759497
20.08,33.06239296759497
20.09,33.06239296759497
20.1,33.06239296759497
20.11,33.06239296759497
20.12,33.06239296759497
20.13,33.06239296759497
20.14,33.06239296759497
20.15,33.06239296759497
20.16,33.06239296759497
20.17,33.06239296759497
20.18,33.06239296759497
20.19,33.06239296759497
20.2,33.06239296759497
20.21,33.06239296759497
20.22,33.06239296759497
20.23,33.06239296759497
20.24,33.06239296759497
20.25,33.06239296759497
20.26,33.06239296759497
20.27,33.06239296759497
20.28,33.06239296759497
20.29,33.06239296759497
20.3,33.06239296759497
20.31,33.06239296759497
20.32,33.06239296759497
20.33,33.06239296759497
20.34,33.06239296759497
20.35,33.06239296759497
20.36,33.06239296759497
20.37,33.06239296759497
20.38,33.06239296759497
20.39,33.06239296759497
20.4,33.06239296759497
20.41,33.06239296759497
20.42,33.06239296759497
20.43,33.06239296759497
20.44,33.06239296759497
20.45,33.06239296759497
20.46,33.06239296759497
20.47,33.06239296759497
20.48,33.06239296759497
20.49,33.06239296759497
20.5,33.06239296759497
20.51,33.06239296759497
20.52,33.06239296759497
20.53,33.06239296759497
20.54,33.06239296759497
20.55,33.06239296759497
20.56,38.09791691761028
20.57,41.45493288428715
20.58,41.45493288428715
20.59,41.45493288428715
20.6,41.45493288428715
20.61,41.45493288428715
20.62,41.45493288428715
20.63,41.45493288428715
20.64,41.45493288428715
20.65,41.45493288428715
20.66,41.45493288428715
20.67,41.45493288428715
20.68,41.45493288428715
20.69,41.45493288428715
20.7,41.45493288428715
20.71,41.45493288428715
20.72,41.45493288428715
20.73,41.45493288428715
20.74,41.45493288428715
20.75,41.45493288428715
20.76,43.13344086762559
20.77,41.45493288428715
20.78,41.45493288428715
20.79,41.45493288428715
20.8,41.45493288428715
20.81,41.45493288428715
20.82,41.45493288428715
20.83,41.45493288428715
20.84,41.45493288428715
20.85,41.45493288428715
20.86,41.45493288428715
20.87,41.45493288428715
20.88,41.45493288428715
20.89,41.45493288428715
20.9,41.45493288428715
20.91,41.45493288428715
20.92,41.45493288428715
20.93,41.45493288428715
20.94,41.45493288428715
20.95,41.45493288428715
20.96,41.45493288428715
20.97,41.45493288428715
20.98,41.45493288428715
20.99,41.45493288428715
21,41.45493288428715
21.01,41.45493288428715
21.02,41.45493288428715
21.03,43.13344086762559
21.04,43.13344086762559
21.05,43.13344086762559
21.06,43.13344086762559
21.07,43.13344086762559
21.08,43.13344086762559
21.09,43.13344086762559
21.1,43.13344086762559
21.11,41.45493288428715
21.12,41.45493288428715
21.13,41.45493288428715
21.14,41.45493288428715
21.15,41.45493288428715
21.16,41.45493288428715
21.17,41.45493288428715
21.18,41.45493288428715
21.19,41.45493288428715
21.2,41.45493288428715
21.21,41.45493288428715
21.22,41.45493288428715
21.23,41.45493288428715
21.24,41.45493288428715
21.25,41.45493288428715
21.26,41.45493288428715
21.27,41.45493288428715
21.28,41.45493288428715
21.29,41.45493288428715
21.3,41.45493288428715
21.31,41.45493288428715
21.32,41.45493288428715
21.33,41.45493288428715
21.34,41.45493288428715
21.35,41.45493288428715
21.36,41.45493288428715
21.37,41.45493288428715
21.38,43.13344086762559
21.39,43.13344086762559
21.4,43.13344086762559
21.41,43.13344086762559
21.42,41.45493288428715
21.43,41.45493288428715
21.44,41.45493288428715
21.45,41.45493288428715
21.46,43.13344086762559
21.47,43.13344086762559
21.48,41.45493288428715
21.49,41.45493288428715
21.5,43.13344086762559
21.51,43.13344086762559
21.52,43.13344086762559
21.53,41.45493288428715
21.54,41.45493288428715
21.55,41.45493288428715
21.56,38.09791691761028
21.57,33.06239296759497
21.58,33.06239296759497
21.59,33.06239296759497
21.6,33.06239296759497
21.61,33.06239296759497
21.62,33.06239296759497
21.63,33.06239296759497
21.64,33.06239296759497
21.65,33.06239296759497
21.66,33.06239296759497
21.67,33.06239296759497
21.68,33.06239296759497
21.69,33.06239296759497
21.7,33.06239296759497
21.71,33.06239296759497
21.72,33.06239296759497
21.73,33.06239296759497
21.74,33.06239296759497
21.75,33.06239296759497
21.76,33.06239296759497
21.77,33.06239296759497
21.78,33.06239296759497
21.79,33.06239296759497
21.8,33.06239296759497
21.81,33.06239296759497
21.82,33.06239296759497
21.83,33.06239296759497
21.84,33.06239296759497
21.85,33.06239296759497
21.86,33.06239296759497
21.87,33.06239296759497
21.88,33.06239296759497
21.89,33.06239296759497
21.9,33.06239296759497
21.91,33.06239296759497
21.92,33.06239296759497
21.93,33.06239296759497
21.94,33.06239296759497
21.95,33.06239296759497
21.96,33.06239296759497
21.97,33.06239296759497
21.98,33.06239296759497
21.99,33.06239296759497
22,33.06239296759497
22.01,33.06239296759497
22.02,33.06239296759497
22.03,33.06239296759497
22.04,33.06239296759497
22.05,33.06239296759497
22.06,33.06239296759497
22.07,33.06239296759497
22.08,33.06239296759497
22.09,33.06239296759497
22.1,33.06239296759497
22.11,33.06239296759497
22.12,33.06239296759497
22.13,33.06239296759497
22.14,33.06239296759497
22.15,33.06239296759497
22.16,33.06239296759497
22.17,33.06239296759497
22.18,33.06239296759497
22.19,33.06239296759497
22.2,33.06239296759497
22.21,33.06239296759497
22.22,33.06239296759497
22.23,33.06239296759497
22.24,33.06239296759497
22.25,33.06239296759497
22.26,33.06239296759497
22.27,33.06239296759497
22.28,33.06239296759497
22.29,33.06239296759497
22.3,33.06239296759497
22.31,33.06239296759497
22.32,33.06239296759497
22.33,33.06239296759497
22.34,33.06239296759497
22.35,33.06239296759497
22.36,33.06239296759497
22.37,33.06239296759497
22.38,33.06239296759497
22.39,33.06239296759497
22.4,33.06239296759497
22.41,33.06239296759497
22.42,33.06239296759497
22.43,33.06239296759497
22.44,33.06239296759497
22.45,33.06239296759497
22.46,33.06239296759497
22.47,33.06239296759497
22.48,33.06239296759497
22.49,33.06239296759497
22.5,33.06239296759497
22.51,33.06239296759497
22.52,33.06239296759497
22.53,33.06239296759497
22.54,33.06239296759497
22.55,33.06239296759497
22.56,38.09791691761028
22.57,41.45493288428715
22.58,41.45493288428715
22.59,41.45493288428715
22.6,41.45493288428715
22.61,41.45493288428715
22.62,41.45493288428715
22.63,41.45493288428715
22.64,41.45493288428715
22.65,41.45493288428715
22.66,41.45493288428715
22.67,41.45493288428715
22.68,41.45493288428715
22.69,41.45493288428715
22.7,41.45493288428715
22.71,41.45493288428715
22.72,41.45493288428715
22.73,41.45493288428715
22.74,41.45493288428715
22.75,41.45493288428715
22.76,41.45493288428715
22.77,41.45493288428715
22.78,41.45493288428715
22.79,43.13344086762559
22.8,41.45493288428715
22.81,41.45493288428715
22.82,41.45493288428715
22.83,41.45493288428715
22.84,41.45493288428715
22.85,41.45493288428715
22.86,43.13344086762559
22.87,41.45493288428715
22.88,41.45493288428715
22.89,43.13344086762559
22.9,41.45493288428715
22.91,41.45493288428715
22.92,41.45493288428715
22.93,41.45493288428715
22.94,41.45493288428715
22.95,41.45493288428715
22.96,41.45493288428715
22.97,41.45493288428715
22.98,41.45493288428715
22.99,41.45493288428715
23,41.45493288428715
23.01,41.45493288428715
23.02,41.45493288428715
23.03,41.45493288428715
23.04,41.45493288428715
23.05,41.45493288428715
23.06,41.45493288428715
23.07,41.45493288428715
23.08,43.13344086762559
23.09,43.13344086762559
23.1,43.13344086762559
23.11,41.45493288428715
23.12,41.45493288428715
23.13,41.45493288428715
23.14,41.45493288428715
23.15,41.45493288428715
23.16,41.45493288428715
23.17,41.45493288428715
23.18,41.45493288428715
23.19,41.45493288428715
23.2,43.13344086762559
23.21,41.45493288428715
23.22,41.45493288428715
23.23,41.45493288428715
23.24,41.45493288428715
23.25,41.45493288428715
23.26,41.45493288428715
23.27,41.45493288428715
23.28,43.13344086762559
23.29,43.13344086762559
23.3,43.13344086762559
23.31,43.13344086762559
23.32,43.13344086762559
23.33,41.45493288428715
23.34,43.13344086762559
23.35,41.45493288428715
23.36,43.13344086762559
23.37,43.13344086762559
23.38,43.13344086762559
23.39,41.45493288428715
23.4,41.45493288428715
23.41,41.45493288428715
23.42,41.45493288428715
23.43,41.45493288428715
23.44,41.45493288428715
23.45,41.45493288428715
23.46,41.45493288428715
23.47,41.45493288428715
23.48,41.45493288428715
23.49,41.45493288428715
23.5,41.45493288428715
23.51,41.45493288428715
23.52,41.45493288428715
23.53,41.45493288428715
23.54,41.45493288428715
23.55,41.45493288428715
23.56,38.09791691761028
23.57,33.06239296759497
23.58,33.06239296759497
23.59,33.06239296759497
23.6,33.06239296759497
23.61,33.06239296759497
23.62,33.06239296759497
23.63,33.06239296759497
23.64,33.06239296759497
23.65,33.06239296759497
23.66,33.06239296759497
23.67,33.06239296759497
23.68,33.06239296759497
23.69,33.06239296759497
23.7,33.06239296759497
23.71,33.06239296759497
23.72,33.06239296759497
23.73,33.06239296759497
23.74,33.06239296759497
23.75,33.06239296759497
23.76,33.06239296759497
23.77,33.06239296759497
23.78,33.06239296759497
23.79,33.06239296759497
23.8,33.06239296759497
23.81,33.06239296759497
23.82,33.06239296759497
23.83,33.06239296759497
23.84,33.06239296759497
23.85,33.06239296759497
23.86,33.06239296759497
23.87,33.06239296759497
23.88,33.06239296759497
23.89,33.06239296759497
23.9,33.06239296759497
23.91,33.06239296759497
23.92,33.06239296759497
23.93,33.06239296759497
23.94,33.06239296759497
23.95,33.06239296759497
23.96,33.06239296759497
23.97,33.06239296759497
23.98,33.06239296759497
23.99,33.06239296759497
24,33.06239296759497
24.01,33.06239296759497
24.02,33.06239296759497
24.03,33.06239296759497
24.04,33.06239296759497
24.05,33.06239296759497
24.06,33.06239296759497
24.07,33.06239296759497
24.08,33.06239296759497
24.09,33.06239296759497
24.1,33.06239296759497
24.11,33.06239296759497
24.12,33.06239296759497
24.13,33.06239296759497
24.14,33.06239296759497
24.15,33.06239296759497
24.16,33.06239296759497
24.17,33.06239296759497
24.18,33.06239296759497
24.19,33.06239296759497
24.2,33.06239296759497
24.21,33.06239296759497
24.22,33.06239296759497
24.23,33.06239296759497
24.24,33.06239296759497
24.25,33.06239296759497
24.26,33.06239296759497
24.27,33.06239296759497
24.28,33.06239296759497
24.29,33.06239296759497
24.3,33.06239296759497
24.31,33.06239296759497
24.32,33.06239296759497
24.33,33.06239296759497
24.34,33.06239296759497
24.35,33.06239296759497
24.36,33.06239296759497
24.37,33.06239296759497
24.38,33.06239296759497
24.39,33.06239296759497
24.4,33.06239296759497
24.41,33.06239296759497
24.42,33.06239296759497
24.43,33.06239296759497
24.44,33.06239296759497
24.45,33.06239296759497
24.46,33.06239296759497
24.47,33.06239296759497
24.48,33.06239296759497
24.49,33.06239296759497
24.5,33.06239296759497
24.51,33.06239296759497
24.52,33.06239296759497
24.53,33.06239296759497
24.54,33.06239296759497
24.55,33.06239296759497
24.56,36.41940893427184
24.57,43.13344086762559
24.58,43.13344086762559
24.59,43.13344086762559
24.6,41.45493288428715
24.61,41.45493288428715
24.62,43.13344086762559
24.63,43.13344086762559
24.64,43.13344086762559
24.65,43.13344086762559
24.66,43.13344086762559
24.67,43.13344086762559
24.68,43.13344086762559
24.69,43.13344086762559
24.7,43.13344086762559
24.71,43.13344086762559
24.72,43.13344086762559
24.73,43.13344086762559
24.74,43.13344086762559
24.75,43.13344086762559
24.76,43.13344086762559
24.77,43.13344086762559
24.78,43.13344086762559
24.79,43.13344086762559
24.8,43.13344086762559
24.81,43.13344086762559
24.82,43.13344086762559
24.83,43.13344086762559
24.84,43.13344086762559
24.85,43.13344086762559
24.86,43.13344086762559
24.87,43.13344086762559
24.88,43.13344086762559
24.89,41.45493288428715
